car_model,price,year_model,kms,color,fueltype
Renault Logan Dinamique 1.6 Fe Mt,$19.500.000,2007,86.000,Plateado,Gasolina
Renault Logan Expression mecánico,$34.500.000,2018,93.500,Plateado,Gasolina
Renault Logan AUTHENTIQUE  1600CC MT AA,$30.500.000,2016,75.200,Plateado,Gasolina
Renault Logan Familier  1400cc Mt Aa,$27.000.000,2014,156.450,Gris,Gasolina
Renault Logan AUTHENTIQUE  1600CC MT AA,$34.000.000,2016,102.685,Negro,Gasolina
Renault Logan Life 1.6 Mecanico Sedan,$48.500.000,2023,26.800,Gris,Gasolina
Renault Logan Expression Night & Day  1600cc Mt Aa,$36.500.000,2018,96.060,Plateado,Gasolina
Renault Logan Privilege 1.6cc AT AA 4X2,$37.600.000,2017,79.000,Gris,Gasolina
Renault Logan 1.6 Expression,$34.000.000,2018,70.952,Gris,Gasolina
Renault Logan 1.6 Authentique / Life,$55.900.000,2023,14.000,Plateado,Gasolina
Renault Logan Life 1.6 Mecanico Sedan,$49.500.000,2023,17.000,Gris,Gasolina
Renault Logan Familier  1400cc Mt,$25.500.000,2015,129.000,Rojo,Gasolina
Renault Logan Familier  1400cc Mt,$25.000.000,2012,134.000,Azul,Gasolina
Renault Logan Exclusive  1600cc At Aa,$45.000.000,2019,49.000,Gris,Gasolina
Renault Logan Exclusive 1.6 At Sedan Ejl868,$49.900.000,2019,50.137,Gris,Gasolina
Renault Logan 1.6 Authentique,$34.500.000,2017,80.000,Plateado,Gasolina
Renault Logan Life +,$64.490.000,2024,0,Plateado,Gasolina
Renault Logan Life 1.6 2023 Mq,$57.296.142,2023,0,Blanco,Gasolina
Renault Logan 1.6 Life,$39.990.000,2023,73.110,Gris,Gasolina
Renault Logan 1.6 Expression,$35.600.000,2018,47.000,Gris,Gasolina
Renault Logan 1.6 Authentique / Life,$49.990.000,2023,39.700,Gris,Gasolina
Renault Logan Life 1.6 Mecanico Sedan,$49.500.000,2023,18.000,Gris,Gasolina
Renault Logan 1.6 Expression Fii,$24.500.000,2013,135.000,Azul,Gasolina
Renault Logan Aut 16v Motor Intens 110hp Divino Financiamos,$51.900.000,2023,29.000,Plateado,Gasolina
Renault Logan Familier  1400cc Mt Aa,$21.500.000,2010,89.900,Gris,Gasolina
Logan Zen. Full Equipo 2023 Motor 1.6  4 Airbag  Rin De Lujo,$54.900.000,2023,7.000,Gris,Gasolina
Renault Logan Polar 1.6,$41.500.000,2020,64.000,Gris,Gasolina
Renault Logan 1.6 Privilege / Intens,$48.900.000,2020,41.000,Dorado,Gasolina
Renault Logan 1.6 Expression,$38.000.000,2018,93.300,Blanco,Gasolina
Taxi Intermunicipal Renault Logan Dynamique 2014,$40.000.000,2014,924.800,Blanco,Gasolina
Renault Logan 1.6 Dynamique Fii,$26.800.000,2012,80.748,Gris,Gasolina
Renault Logan 1.6 Authentique / Life,$46.000.000,2023,47.950,Gris,Gasolina
Renault Logan 1.6 Life,$50.000.000,2023,63.000,Rojo,Gasolina
Renault Logan Mt 2023,$44.900.000,2023,16.000,Plateado,Gasolina
Renault Logan 1.6 Dynamique Fii,$29.900.000,2015,110.000,Plateado,Gasolina
Renault Logan Mt 2023,$44.900.000,2023,15.000,Gris,Gasolina
Renault Logan Life 1.6 Mecanico Sedan,$49.500.000,2023,17.500,Gris,Gasolina
Renault Logan LIFE 1.6,$49.400.000,2023,25.916,Plateado,Gasolina
Renault Logan 1.4 Entry Familier Fii,$23.500.000,2013,207.000,Rojo,Gasolina
Renault Logan Intens CVT,$73.930.000,2024,0,Gris,Gasolina
Renault Logan 1.6 Intens,$52.000.000,2020,38.000,Gris,Gasolina
Renault Logan 1.6 PRIVILEGE/PRESTIGE AUTOMATICO,$39.000.000,2016,75.000,Gris,Gasolina
Renault Logan 1.4 FAMILIER,$22.990.000,2013,80.259,Gris,Gasolina
Renault Logan Mt 2023,$44.900.000,2023,15.000,Plateado,Gasolina
Renault Logan Mt 2022,$42.900.000,2022,25.000,Plateado,Gasolina
Renault Logan 1.6 Life,$57.700.000,2023,0,Gris,Gasolina
Renault Logan 1.4 Entry Familier Fii,$25.500.000,2013,99.400,Gris,Gasolina
Renault Logan At 2022,$46.900.000,2022,24.000,Gris,Gasolina
Renault Logan Mt 2023,$44.900.000,2023,20.000,Gris,Gasolina
Renault Logan 1.6 Expression,$26.000.000,2008,114.500,Gris,Gasolina
Renault Logan Life ,$49.990.000,2023,15.000,Plateado,Gasolina
Renault Logan 1.6 Authentique / Life,$52.000.000,2023,29.000,Plateado,Gasolina
Renault Logan 1.4 Entry Familier,$23.000.000,2009,182.000,Azul,Gasolina
Renault Logan Life Plus 2025 Ds,$64.990.000,2023,0,Gris,Gasolina
Renault Logan LIFE,$61.000.000,2023,0,Blanco,Gasolina
Renault Logan 1.6 Dynamique Fii,$26.600.000,2012,146.000,Gris,Gasolina
Renault Logan 1.6 Authentique,$35.000.000,2016,93.784,Gris,Gasolina
Renault Logan 1.6 Privilege / Intens,$44.000.000,2020,54.600,Gris,Gasolina
Renault Logan 1.6 Privilege / Intens,$32.000.000,2017,84.000,Gris,Gasolina
Renault Logan 1.6 Expression / Life +,$45.900.000,2020,38.000,Plateado,Gasolina
Renault Logan 1.6 Authentique / Life,$48.000.000,2022,45.000,Dorado,Gasolina
Renault Logan 1.4 Entry Familier Fii,$24.900.000,2015,114.000,Gris,Gasolina
Renault Logan 1.6 Authentique,$36.000.000,2019,40.400,Gris,Gasolina
Renault Logan 1.6 Expression,$31.900.000,2018,65.000,Plateado,Gasolina
Renault Logan Zen,$53.900.000,2022,27.690,Rojo,Gasolina
Renault Logan 1.6 Authentique / Life,$54.900.000,2023,32.062,Gris,Gasolina
Renault Logan 1.6 Dynamique Fii,$21.500.000,2011,92.000,Azul,Gasolina
Renault Logan 1.6 Intens Aut,$66.500.000,2024,16.000,Plateado,Gasolina
Renault Logan 1.6 Expression / Life +,$38.999.000,2019,89.000,Plateado,Gasolina
Renault Logan LIFE,$37.900.000,2019,68.436,Gris,Gasolina
Renault Logan 1.6 Authentique / Life,$36.500.000,2018,47.000,Gris,Gasolina
Renault Logan Zen Modelo 2021,$52.900.000,2021,29.600,Gris,Gasolina
Renault Logan LIFE,$36.900.000,2019,74.553,Gris,Gasolina
Renault Logan LIFE,$37.900.000,2019,64.125,Gris,Gasolina
Renault Koleos 2.5 Dynamique 4x4,$44.900.000,2014,98.000,Blanco,Gasolina
Renault Logan 1.6 Dynamique,$52.400.000,2022,10.000,Gris,Gasolina
Renault Logan 1.6 Privilege / Intens,$41.000.000,2018,28.000,Gris,Gasolina
Renault Logan LIFE EXPRESSION 1.6 MT,$39.900.000,2020,35.000,Plateado,Gasolina
Renault Logan 1.6 Authentique / Life,$43.900.000,2022,37.000,Gris,Gasolina
Renault Logan LIFE + MT 1.6,$36.500.000,2019,38.000,Blanco,Gasolina
Renault Logan 1.4 Entry Familier,$21.000.000,2011,131.000,Gris,Gasolina
Renault Logan 1.6 Privilege / Intens,$41.500.000,2019,37.000,Plateado,Gasolina
Renault Logan 1.6 Dynamique,$18.500.000,2010,160.000,Negro,Gasolina
Renault Logan Life Mecánico  2023,$46.800.000,2023,33.000,Blanco,Gasolina
Renault Logan Zen 2023,$56.000.000,2023,18.000,Gris,Gasolina
Renault Logan 1.6 Privilege / Intens,$61.000.000,2023,35.700,Plateado,Gasolina
Renault Logan 1.6 Expression / Life +,$54.490.000,2023,28.000,Plateado,Gasolina
Renault Logan 1.6 Authentique / Life,$36.000.000,2018,42.800,Negro,Gasolina
Renault Logan 1.6 Privilege / Intens,$36.900.000,2017,80.000,Gris,Gasolina
Renault Logan 1.6 Life Automatico,$49.500.000,2022,26.000,Gris,Gasolina
Renault Logan 1.6 Expression,$33.500.000,2016,79.000,Color not found,Gasolina
Renault Logan Plus 1.6,$50.888.800,2020,10,Blanco,Gasolina
Renault Logan Life Ph2 ,$43.500.000,2021,47.500,Color not found,Gasolina
Renault Logan 1.6 Life Plus,$65.990.000,2024,3.839,Blanco,Gasolina
Renault Logan 1.6 Expression Fii,$29.000.000,2015,107.000,Rojo,Gasolina
Renault Logan 2020 Version Polar ,$39.500.000,2020,65.000,Rojo,Gasolina
Renault Logan 1.6 Expression,$22.000.000,2008,180.000,Amarillo,Gasolina
Renault Logan 1.6 Expression / Life +,$35.000.000,2018,70.000,Negro,Gasolina
Renault Logan 1.6 Privilege / Intens,$52.000.000,2021,38.000,Rojo,Gasolina
Renault Logan 1.4 Familier,$30.200.000,2015,91.000,Gris,Gasolina
Renault Logan 1.6 Authentique / Life,$37.000.000,2019,66.213,Gris,Gasolina
Renault Logan 1.6 Dynamique Nd,$19.000.000,2011,93.000,Blanco,Gasolina
Renault Logan 1.6 Life,$53.000.000,2023,9.200,Gris,Gasolina
Renault Logan 1.6 Privilege / Intens,$40.500.000,2018,105.000,Dorado,Gasolina
Renault Logan 1.6,$33.500.000,2018,59.800,Gris,Gasolina
"Renault Logan Expression Mec 1,6",$34.800.000,2016,70.184,Gris,Gasolina
Renault Logan 1.6 Expression / Life +,$48.500.000,2022,50.000,Gris,Gasolina
Renault Logan 1.6 Expression / Life +,$56.990.000,2023,19.500,Gris,Gasolina
Renault Logan Zen 2025 - Llévalo Con Excelente Precio!!,$68.990.000,2023,0,Gris,Gasolina
Renault Logan 1.6 Expression / Life +,$51.000.000,2023,24.514,Gris,Gasolina
Renault Logan 1.6 Privilege / Intens,$48.990.000,2022,31.000,Gris,Gasolina
Renault Logan Life+ Mt 1.6 16v A/a Gpy596,$47.990.000,2020,61.054,Rojo,Gasolina
Renault Logan 1.6 Expression / Life +,$40.900.000,2021,40.000,Gris,Gasolina
Renault New Logan Exclusive 1.6 Aut 2019 Eny691,$47.200.000,2019,79.052,Gris,Gasolina
Renault Logan 1.6 Intens,$64.900.000,2023,16.000,Plateado,Gasolina
Renault Logan 1.6 Dynamique,$38.500.000,2018,67.828,Blanco,Gasolina
Renault Logan INTENS,$69.130.000,2024,0,Gris,Gasolina
Renault Logan 1.6 Life Plus,$56.900.000,2024,8.400,Blanco,Gasolina
Renault Logan 1.6 Expression Fii,$28.250.000,2015,107.000,Rojo,Gasolina
Renault Logan 1.6 Life,$43.900.000,2022,39.000,Gris,Gasolina
Renault Logan 1.6 Life,$44.300.000,2023,20.000,Blanco,Gasolina
Renault Logan 1.6 Expression / Life +,$35.900.000,2018,54.600,Gris,Gasolina
Renault Logan Zen Mt 1.600cc Gzx257,$52.990.000,2021,42.828,Rojo,Gasolina
Renault Logan Intens Cc1600 Automatico 114hp,$59.900.000,2023,19.699,Blanco,Gasolina
Renault Logan LIFE 1.6,$46.900.000,2022,41.261,Dorado,Gasolina
Renault Logan 1.6 Authentique / Life,$35.900.000,2018,53.800,Rojo,Gasolina
Renault Logan .,$55.900.000,2023,27.050,Blanco,Gasolina
Renault Logan Authentique / Life,$37.900.000,2020,85.720,Plateado,Gasolina
Renault Logan Life +,$41.000.000,2020,45.000,Gris,Gasolina
Renault Logan 1.6 Privilege / Intens,$60.900.000,2023,17.500,Gris,Gasolina
Renault Logan 1.4 Entry Familier Fii,$23.000.000,2011,91.000,Gris,Gasolina
Renault Logan 1.6 Expression / Life +,$40.300.000,2022,56.000,Blanco,Gasolina
Renault Logan 1.4 Entry Familier Fii,$26.800.000,2014,134.000,Gris,Gasolina
Renault Logan Intens,$70.500.000,2024,38.000,Blanco,Gasolina
Renault Logan 1.6 Dynamique Nd,$20.000.000,2010,149.414,Negro,Gasolina
Renault Logan Dynamique Mt,$27.900.000,2013,87.325,Blanco,Gasolina
Renault Logan 1.6 Expression Fii,$26.500.000,2013,94.000,Blanco,Gasolina
Renault Logan Modelo 2022,$55.000.000,2022,72.000,Gris,Gasolina
Renault Logan Life Plus- 2025- Llevalo Con Excelente Precio!,$63.490.000,2023,0,Gris,Gasolina
Renault Logan 1.6 Privilege / Intens,$60.900.000,2022,14.000,Plateado,Gasolina
Renault Logan 1.6 PRIVILEGE AUTOMATICO,$32.900.000,2016,99.700,Gris,Gasolina
Renault Logan LIFE 1.6,$46.900.000,2022,22.949,Gris,Gasolina
Renault Logan 1.6 Aa,$44.500.000,2023,28.000,Plateado,Gasolina
Renault Logan DYNAMIQUE 1.6 MT,$28.900.000,2013,99.686,Gris,Gasolina
Renault Logan 1.4 Entry Familier Fii,$26.900.000,2016,113.200,Color not found,Gasolina
Renault Logan 1.6 Life Plus,$62.390.000,2024,0,Blanco,Gasolina
Renault Logan Authentique Automatico,$36.800.000,2020,80.000,Plateado,Gasolina
Renault Logan 1.6 Zen ,$56.000.000,2022,14.796,Gris,Gasolina
Renault Logan 1.6 Authentique / Life,$35.500.000,2018,98.000,Blanco,Gasolina
Renault Logan 1.6 Intens,$63.900.000,2023,19.600,Blanco,Gasolina
Renault Logan LIFE 1.6,$49.400.000,2023,28.448,Blanco,Gasolina
"Renault Logan Life Mt 1,6",$46.900.000,2023,17.980,Dorado,Gasolina
Renault Logan 1.6 Expression,$54.900.000,2023,29.993,Gris,Gasolina
Renault Logan 1.6 Privilege / Intens,$40.000.000,2019,77.000,Gris,Gasolina
Renault Logan 1.6 Authentique / Life,$35.900.000,2017,68.000,Gris,Gasolina
Renault Logan expresión 1.6 MT,$20.900.000,2008,185.000,Plateado,Gasolina
Renault Logan 1.4 Entry Familier Fii,$25.000.000,2012,184.000,Gris,Gasolina
Renault Logan Dynamique Mt,$42.999.000,2019,67.500,Blanco,Gasolina
Renault Logan 1.6 Privilege,$31.000.000,2017,102.800,Gris,Gasolina
Renault Logan 1.4 Entry Familier Fii,$24.500.000,2013,227.000,Blanco,Gasolina
Renault Logan 1.6 Privilege / Intens,$37.000.000,2017,40.479,Negro,Gasolina
Renault Logan 1.4 Entry Familier Fii,$23.990.000,2012,153.000,Gris,Gasolina
Renault Logan 1.6 Authentique / Life,$37.900.000,2020,79.820,Plateado,Gasolina
Renault Logan Life Polar 2019,$36.000.000,2019,50.500,Blanco,Gasolina
Renault Logan Intens Mt 1.6 Kqz831,$51.990.000,2022,43.388,Gris,Gasolina
Renault Logan 1.6 Exclusive,$39.500.000,2018,92.550,Plateado,Gasolina
Renault Logan 1.4 Entry Familier Fii,$30.000.000,2015,133.634,Rojo,Gasolina
Renault Logan 1.6 Dynamique,$36.000.000,2018,46.000,Plateado,Gasolina
Renault Logan Zen,$54.900.000,2022,32.084,Gris,Gasolina
Renault Logan 1.6 life Mecanico,$45.900.000,2023,21.000,Blanco,Gasolina
Renault Logan 1.6 Privilege / Intens,$40.990.000,2017,98.000,Gris,Gasolina
Renault Logan AUTHENTIQUE LIFE,$36.900.000,2020,1,Gris,Gasolina
Logan Privilege At,$38.000.000,2017,99.729,Dorado,Gasolina
Logan Intense At ,$50.500.000,2019,52.903,Gris,Gasolina
Renault Logan 1.6 Authentique,$49.990.000,2022,65.000,Gris,Gasolina
Renault Logan Life +,$62.896.200,2024,0,Gris,Gasolina
Renault Logan 1.6 Authentique / Life,$57.000.000,2023,2.200,Plateado,Gasolina
Renault Logan intens,$40.900.000,2018,51.078,Rojo,Gasolina
Renault Logan 1.6 Authentique / Life,$32.800.000,2017,78.000,Gris,Gasolina
Renault Logan 1.6 Life Plus,$65.090.000,2024,0,Blanco,Gasolina
Renault Logan 1.6 Privilege / Intens,$35.500.000,2017,123.500,Plateado,Gasolina
Renault Logan 1.6 Dynamique Fii,$27.000.000,2011,171.000,Negro,Gasolina
Renault Logan 1.6 Life,$40.000.000,2021,39.125,Color not found,Gasolina
Renault Logan 1.6 Expression / Life +,$39.900.000,2020,47.000,Plateado,Gasolina
Renault Logan 1.6 Authentique,$33.000.000,2017,82.300,Gris,Gasolina
Renault Logan Authentique life mt 1600cc,$35.500.000,2020,56.000,Plateado,Gasolina
Renault Logan 1.6 Life Plus,$57.900.000,2024,18.180,Blanco,Gasolina
Renault Logan 1.6 Authentique / Life,$54.400.000,2023,67.149,Gris,Gasolina
Renault Logan 1.6 Expression,$33.900.000,2016,75.800,Color not found,Gasolina
Renault Logan 2.0 Mecanico Sedan,$16.700.000,2000,140.000,Azul,Gasolina
Renault Logan 1.4 Entry Familier Fii,$28.000.000,2014,118.000,Rojo,Gasolina
Renault Logan 1.6 Authentique,$39.500.000,2019,48.600,Color not found,Gasolina
Renault Logan 1.6 Dynamique Nd,$26.800.000,2011,94.000,Blanco,Gasolina
Renault Logan 1.6 Expression Fii,$31.900.000,2014,57.000,Gris,Gasolina
Renault Logan 1.6 Privilege / Intens,$38.600.000,2019,45.000,Gris,Gasolina
Renault Logan Life +,$39.500.000,2019,48.000,Rojo,Gasolina
Renault Logan 1.6 Authentique / Life,$44.800.000,2023,20.000,Color not found,Gasolina
Renault Logan 1.6 Dynamique Fii,$26.800.000,2011,142.000,Gris,Gasolina
Renault Logan Zen Mt 1.6cc 16v 2020,$37.900.000,2020,96.800,Rojo,Gasolina
Renault Logan 1.6 Privilege / Intens,$52.000.000,2021,43.500,Gris,Gasolina
Renault Logan 1.6 Privilege / Intens,$54.500.000,2022,23.000,Gris,Gasolina
Renault Logan 1.6 Expression / Life +,$46.900.000,2023,24.000,Plateado,Gasolina
Renault Logan 1.6 Expression Fii,$31.500.000,2015,78.000,Color not found,Gasolina
Renault Logan 1.4 Expression,$20.500.000,2007,170.000,Color not found,Gasolina
Renault Logan 1.6 Expression / Life +,$34.900.000,2019,55.000,Gris,Gasolina
Renault Logan 1.6 Expression Fii,$23.900.000,2012,115.000,Marrón,Gasolina
Renault Logan 1.6 Privilege / Intens,$33.800.000,2017,123.000,Plateado,Gasolina
Renault Logan Mod 2022 At,$50.000.000,2022,65.543,Gris,Gasolina
Renault Logan 1.4 Entry Familier Fii,$26.900.000,2013,130.000,Color not found,Gasolina
Renault Logan 1.6 Dynamique,$31.990.000,2017,84.919,Gris,Gasolina
Renault Logan 1.6 Authentique / Life,$42.800.000,2022,18.000,Plateado,Gasolina
Renault Logan Life Mt 1.6cc 16v 2020,$39.900.000,2020,45.600,Plateado,Gasolina
Renault Logan AUTHENTIQUE 8V,$30.900.000,2017,Publicado,Plateado,Gasolina
Renault Logan 1.6 Privilege / Intens,$50.900.000,2022,16.800,Gris,Gasolina
Renault Logan 1.6 Dynamique,$34.760.000,2016,77.999,Gris,Gasolina
Renault Logan Trip Advisor Modelo 2018,$38.000.000,2018,100.000,Gris,Gasolina
Renault Logan Exclusive 2019,$41.999.999,2019,59.000,Gris,Gasolina
Renault Logan 1.6 Privilige Mecánico,$39.000.000,2018,75.000,Plateado,Gasolina
Renault Logan 1.6 PRIVILEGE AUT,$54.900.000,2021,55.000,Color not found,Gasolina
Renault Logan 1.6 Authentique / Life,$44.500.000,2023,21.000,Blanco,Gasolina
Renault Logan Intens 1.6 Mt,$56.900.000,2022,37.576,Gris,Gasolina
Renault Logan Life+,$32.399.999,2017,75.000,Gris,Gasolina
Renault Logan 1.6 Zen Mt 2023,$56.900.000,2023,51.157,Color not found,Gasolina
Renault Logan Mod 2022 At,$50.000.000,2022,60.305,Gris,Gasolina
Renault Logan 1.6 Expression Fii,$26.500.000,2012,73.500,Color not found,Gasolina
Renault Logan 1.4 Entry Familier Fii,$23.900.000,2012,123.000,Dorado,Gasolina
Renault Logan 1.6 Expression,$18.900.000,2008,143.000,Plateado,Gasolina
Renault Logan 1.4 Entry Familier Fii,$23.900.000,2014,149.000,Negro,Gasolina
Renault Logan 1.6 Dynamique Fii,$29.800.000,2015,75.000,Gris,Gasolina
Renault Logan 1.6 Authentique / Life,$41.900.000,2023,30.000,Plateado,Gasolina
Renault Logan 1.6 Life,$45.800.000,2023,27.000,Blanco,Gasolina
Renault Logan Life + Mt1.6cc 16v 2024,$56.900.000,2024,37.700,Gris,Gasolina
Renault Logan 1.6 Expression Nd,$18.900.000,2010,163.000,Blanco,Gasolina
Renault Logan 1.6 Expression / Life +,$51.000.000,2022,70.886,Gris,Gasolina
Renault Logan 1.6 Expression / Life +,$33.900.000,2018,50.200,Plateado,Gasolina
Renault Logan 1.6 Dynamique Fii,$24.800.000,2013,98.125,Dorado,Gasolina
Renault Logan 1.6 Expression,$36.900.000,2019,68.000,Plateado,Gasolina
Renault Logan 1.6 Privilege / Intens,$39.900.000,2020,101.000,Dorado,Gasolina
Renault Logan 1.6 Automatico,$47.500.000,2022,37.000,Gris,Gasolina
Renault Logan 1.6 Life,$43.500.000,2023,28.000,Plateado,Gasolina
Renault Logan LIFE,$42.000.000,2020,27.340,Gris,Gasolina
Renault Logan 2021,$39.900.000,2021,75.000,Gris,Gasolina
Renault Logan 1.4 Entry Familier,$22.900.000,2011,112.000,Azul,Gasolina
Renault Logan 1.6 Expression / Life +,$51.000.000,2022,55.963,Gris,Gasolina
Renault Logan 1.6 Expression / Life +,$51.000.000,2022,64.255,Gris,Gasolina
Renault Logan 1.6 Expression / Life +,$51.000.000,2022,62.824,Gris,Gasolina
Renault Logan 1.4 Entry Familier Fii,$25.990.000,2015,170.000,Gris,Gasolina
Renault Logan 1.6 Life,$46.000.000,2020,25.300,Rojo,Gasolina
Renault Logan 1.6 Life,$37.000.000,2020,56.000,Negro,Gasolina
Renault Logan Mod 2022 At,$49.000.000,2022,55.000,Gris,Gasolina
Renault Logan Intens,$43.000.000,2018,77.908,Gris,Gasolina
Renault Logan 1.6 Expression,$52.000.000,2023,22.640,Dorado,Gasolina
Renault Logan 1.6 Privilege / Intens,$50.000.000,2020,23.000,Gris,Gasolina
Renault Logan 1.6 Expression Mt,$36.800.000,2019,62.347,Plateado,Gasolina
Renault Logan 1.6 Life,$41.000.000,2021,33.000,Blanco,Gasolina
Renault Logan 1.6 Expression,$37.500.000,2017,67.000,Gris,Gasolina
Renault Logan 1.6 Expression / Life +,$33.900.000,2018,70.000,Plateado,Gasolina
Renault Logan 1.6 Life Mecánico,$41.500.000,2021,54.000,Gris,Gasolina
Renault Logan 1.6 Expression,$38.500.000,2018,43.000,Plateado,Gasolina
Renault Logan 1.6 Expression,$34.500.000,2018,83.000,Blanco,Gasolina
Renault Logan 1.6 Expression Fii,$24.800.000,2012,118.000,Gris,Gasolina
Renault Logan 1.4 Entry Familier,$22.500.000,2011,121.000,Gris,Gasolina
Renault Logan 1.6 Dynamique,$58.000.000,2023,41.000,Gris,Gasolina
Renault Logan 1.6 Expression,$40.500.000,2019,85.585,Color not found,Gasolina
Renault Logan 1.6 Authentique / Life,$43.500.000,2023,22.247,Color not found,Gasolina
Renault Logan 1.6 Privilege / Intens,$40.990.000,2018,44.300,Gris,Gasolina
Renault Logan 1.6 Expression / Life +,$51.000.000,2022,53.615,Gris,Gasolina
Renault Logan 1.6 Expression / Life +,$51.000.000,2022,55.864,Gris,Gasolina
Renault Logan 1.6 Expression / Life +,$51.000.000,2022,59.015,Gris,Gasolina
Renault Logan 1.6 Expression / Life +,$51.000.000,2022,60.475,Gris,Gasolina
Renault Logan 1.6 Expression,$33.000.000,2018,94.000,Color not found,Gasolina
Renault Logan 1.6 Dynamique Fii,$32.000.000,2015,48.000,Color not found,Gasolina
Renault Logan 1.6 Expression / Life +,$39.900.000,2022,40.100,Color not found,Gasolina
Renault Logan 1.6 Authentique / Life,$52.000.000,2023,15,Gris,Gasolina
Renault Logan 1.6 Authentique,$32.900.000,2017,78.000,Plateado,Gasolina
Renault Logan 1.6 Privilege / Intens,$41.000.000,2019,48.500,Plateado,Gasolina
Renault Logan 1.6 Dynamique,$21.300.000,2008,141.000,Azul,Gasolina
Renault Logan 1.6 Privilege / Intens,$47.000.000,2019,58.777,Plateado,Gasolina
Renault Logan Expression,$32.900.000,2014,29.800,Blanco,Gasolina
Renault Logan 1.6 Life,$41.900.000,2023,27.000,Blanco,Gasolina
Renault Logan 1.6 Privilege / Intens,$38.900.000,2017,68.000,Plateado,Gasolina
Renault Logan 1.6 Privilege / Intens,$56.990.000,2022,21.000,Gris,Gasolina
Renault Logan 1.6 Expression / Life +,$51.000.000,2022,54.445,Gris,Gasolina
Renault Logan 1.6 Expression / Life +,$51.000.000,2022,53.311,Gris,Gasolina
Renault Logan 1.6 Expression Fii,$27.800.000,2015,106.000,Plateado,Gasolina
Renault Logan 1.6 Mecánico 2023,$49.900.000,2023,43.700,Blanco,Gasolina
Renault Logan Expression,$29.999.999,2015,90.000,Rojo,Gasolina
Renault Logan 1.6 Life,$42.900.000,2021,40.000,Plateado,Gasolina
Renault Logan Family 2016,$26.999.999,2016,105.000,Gris,Gasolina
Renault Logan 1.4 Expression,$20.000.000,2007,180.000,Blanco,Gasolina
Renault Logan 1.6 Authentique,$34.900.000,2019,56.800,Gris,Gasolina
Renault Logan 1.6 Expression / Life +,$37.900.000,2019,66.000,Gris,Gasolina
Renault Logan 1.6 Privilege / Intens,$37.900.000,2018,85.000,Rojo,Gasolina
Renault Logan 1.6 Life,$40.900.000,2020,68.000,Gris,Gasolina
Renault Logan 1.6 Expression,$34.900.000,2016,63.000,Plateado,Gasolina
Renault Logan 1.6 Dynamique,$37.900.000,2017,66.000,Gris,Gasolina
Renault Logan 1.4 Dynamique,$18.900.000,2006,170.000,Color not found,Gasolina
Renault Logan 1.6 Expression / Life +,$51.000.000,2022,60.055,Gris,Gasolina
Renault Logan 1.6 Expression / Life +,$51.000.000,2022,54.849,Gris,Gasolina
Renault Logan 1.6 Authentique,$34.900.000,2017,86.000,Color not found,Gasolina
Renault Logan 1.6 Authentique / Life,$33.900.000,2018,98.500,Plateado,Gasolina
Renault Logan 1.6 Expression,$35.800.000,2018,73.200,Plateado,Gasolina
Renault Logan 1.6 Privilege / Intens,$56.900.000,2022,22.800,Gris,Gasolina
Renault Logan 1.6 Authentique / Life,$39.500.000,2019,71.000,Dorado,Gasolina
"Renault Logan 1,6 AUTHENTIC/LIFE MT",$44.500.000,2023,30.726,Gris,Gasolina
Renault Logan 1.4 Entry Familier Fii,$25.500.000,2012,119.070,Rojo,Gasolina
Renault Logan 1.6 Dynamique Fii,$29.700.000,2013,131.000,Color not found,Gasolina
Renault Logan 1.6 Expression / Life +,$51.000.000,2022,55.065,Gris,Gasolina
Renault Logan 1.6 Expression / Life +,$51.000.000,2022,58.962,Gris,Gasolina
Renault Logan 1.6 Expression / Life +,$51.000.000,2022,59.978,Gris,Gasolina
Renault Logan 1.6 Expression / Life +,$51.000.000,2022,62.580,Gris,Gasolina
Renault Logan 1.6 Expression / Life +,$51.000.000,2022,54.284,Gris,Gasolina
Renault Logan 1.6 Expression / Life +,$45.000.000,2022,24.000,Color not found,Gasolina
Renault Logan 1.6 Expression Fii,$25.900.000,2015,190.000,Gris,Gasolina
Renault Logan 1.6 Expression / Life +,$50.000.000,2022,56.472,Gris,Gasolina
Renault Logan 1.6 Dynamique,$50.500.000,2022,59.951,Gris,Gasolina
Renault Logan 1.6 Expression / Life +,$69.000.000,2021,39.000,Color not found,Gasolina
Renault Logan 1.6 Expression Fii,$26.000.000,2012,150.974,Color not found,Gasolina
Renault Logan 1.6 Dynamique Fii,$26.900.000,2011,120.000,Plateado,Gasolina
Renault Logan 1.6 Privilege / Intens,$55.900.000,2022,45.000,Plateado,Gasolina
Renault Logan LIFE MT 1.6CC 8V,$39.900.000,2023,25.000,Gris,Gasolina
Renault Logan 1.4 Entry Familier Fii,$23.800.000,2014,99.000,Gris,Gasolina
Renault Logan Intens,$53.900.000,2023,23.000,Gris,Gasolina
Renault Logan Life Plus Ph2,$42.000.000,2020,69.834,Gris,Gasolina
Renault Logan 1.6 Expression,$57.000.000,2023,48.000,Color not found,Gasolina
Renault Logan,$37.900.000,2020,52.000,Plateado,Gasolina
Renault Logan 1.6 Authentique / Life,$34.900.000,2018,99.000,Plateado,Gasolina
Renault Logan 1.4 Entry Familier Fii,$25.500.000,2013,120.000,Gris,Gasolina
Renault Logan Familier ,$23.500.000,2011,112.000,Gris,Gasolina
Renault Logan 1.4 Dynamique,$20.900.000,2007,92.000,Plateado,Gasolina
Renault Logan 1.4 Expression,$19.800.000,2006,145.000,Color not found,Gasolina
Renault Logan Privilege/intense,$57.800.000,2022,32.000,Gris,Gasolina
Renault Logan 2012 Dynamique Full Equipo,$24.800.000,2012,138.000,Rojo,Gasolina
Renault Logan EXPRESSION 1.6,$22.890.000,2011,117.000,Rojo,Gasolina
Renault Logan Life +,$37.000.000,2017,23.000,Gris,Gasolina
Renault Logan 1.6 Intens,$70.000.000,2024,6.300,Plateado,Gasolina
Renault Logan 1.6 Privilege / Intens,$33.800.000,2016,96.000,Color not found,Gasolina
Renault Logan Privilege 2016,$33.800.000,2016,71.246,Gris,Gasolina
Renault Logan 1.6 Dynamique Fii,$26.490.000,2012,87.000,Dorado,Gasolina
Renault Logan 1.6 Expression / Life +,$44.000.000,2022,44.000,Plateado,Gasolina
Renault Logan At,$47.500.000,2022,24.000,Gris,Gasolina
Renault Logan Fleet At,$47.500.000,2022,25.700,Color not found,Gasolina
Renault Logan 1.6 Expression / Life +,$51.000.000,2022,60.416,Gris,Gasolina
Renault Logan 1.6 Authentique / Life,$46.500.000,2022,40.208,Gris,Gasolina
Renault Logan 1.6 Expression / Life +,$38.500.000,2019,44.400,Gris,Gasolina
Renault Logan Life+,$47.000.000,2021,39.000,Gris,Gasolina
Renault Logan EXPRESSION 1.6,$32.000.000,2018,106.000,Gris,Gasolina
Renault Logan 1.4 Entry Familier,$27.900.000,2011,76.500,Negro,Gasolina
Renault Logan 1.6 Life,$45.000.000,2019,68.000,Gris,Gasolina
Renault Logan 1.6 Privilege / Intens,$48.000.000,2020,44.906,Plateado,Gasolina
Renault Logan 1.6 Privilege / Intens,$51.500.000,2021,36.000,Gris,Gasolina
Renault Logan 1.6 Life,$39.900.000,2021,63.000,Blanco,Gasolina y gas
Renault Logan 1.6 Authentique / Life,$32.500.000,2017,56.000,Gris,Gasolina
Renault Logan 1.6 Life Plus,$67.800.000,2024,4.800,Blanco,Gasolina
Renault Logan Logan Life,$43.000.000,2021,91.529,Gris,Gasolina
Logan Life 8v Fl 2021,$41.500.000,2021,32.000,Rojo,Gasolina
Renault Logan 1.4 Entry Familier,$24.000.000,2011,208.026,Negro,Gasolina
Renault Logan 1.6 Dynamique Fii,$22.500.000,2011,175.000,Azul,Gasolina
Renault Logan 1.4 Dynamique,$18.700.000,2006,126.900,Plateado,Gasolina
Renault Logan 1.6 Expression,$19.000.000,2006,167.237,Gris,Gasolina
Renault Logan 1.6 Dynamique Fii,$27.000.000,2011,120.000,Plateado,Gasolina
Renault Logan 1.6 Privilege / Intens,$29.500.000,2016,184.000,Rojo,Gasolina
Renault Logan 1.6 Privilege / Intens,$36.000.000,2017,55.029,Plateado,Gasolina
Renault Logan 1.4 Dynamique,$17.490.000,2006,242.000,Verde,Gasolina
Renault Logan 1.6 Authentique,$42.500.000,2022,68.000,Color not found,Gasolina
Renault Logan 1.6 Expression / Life +,$40.500.000,2020,61.000,Gris,Gasolina
Renault Logan Privilege 1.6,$38.000.000,2017,78.000,Negro,Gasolina
Renault Logan DYNAMIQUE FULL EQUIPO A/A,$27.490.000,2011,117.000,Rojo,Gasolina
Renault Logan Polar 2020,$39.000.000,2020,7.500,Rojo,Gasolina
Renault Logan 1.6 Life,$35.800.000,2018,99.000,Dorado,Gasolina
Renault Logan 1.4 Entry Familier Fii,$23.500.000,2013,139.680,Negro,Gasolina
Renault Logan 1.6 Expression Nd,$19.200.000,2010,181.000,Blanco,Gasolina
Renault Logan 1.4 Entry Familier,$24.500.000,2011,84.000,Rojo,Gasolina
Renault Logan 1.6 Dynamique Fii,$26.900.000,2014,108.000,Gris,Gasolina
Renault Logan 1.4 Entry Familier Fii,$23.000.000,2013,103.954,Gris,Gasolina
Renault Logan 1.6 Expression Fii,$27.800.000,2015,86.000,Color not found,Gasolina
Renault Logan Exclusive 2019,$41.500.000,2019,68.000,Plateado,Gasolina y gas
Renault Logan L,$40.500.000,2019,41.000,Gris,Gasolina
Renault Logan 1.4 Entry Familier Fii,$22.500.000,2013,139.000,Plateado,Gasolina
Renault Logan 1.4 Entry Familier Fii,$30.000.000,2016,90.500,Rojo,Gasolina
Renault Logan 1.6 Privilege / Intens,$66.500.000,2023,10.000,Gris,Gasolina
Renault Logan 1.6 Expression / Life +,$49.000.000,2022,31.400,Gris,Gasolina
Renault Logan 1.6 Expression,$20.000.000,2008,252.000,Color not found,Gasolina
Renault Logan 1.4 Entry Familier Fii,$27.000.000,2012,129.000,Rojo,Gasolina
Renault Logan 1.6 Dynamique,$33.500.000,2016,136.446,Plateado,Gasolina
Renault Logan 1.6 Life,$47.500.000,2023,20.900,Plateado,Gasolina
Renault Logan 1.6 Dynamique,$40.000.000,2017,24.000,Gris,Gasolina
Renault Logan Dynamique,$26.000.000,2010,72.000,Plateado,Gasolina
Renault Logan 1.6 Expression Fii,$25.000.000,2012,224.230,Negro,Gasolina
Renault Logan 1.4 Entry Familier,$24.900.000,2011,102.500,Gris,Gasolina
Renault Logan 1.6 Expression Fii,$29.950.000,2014,92.000,Plateado,Gasolina
Renault Logan 1.6 Dynamique Fii,$27.000.000,2012,85.000,Negro,Gasolina
Renault Logan 1.6 Privilege,$59.000.000,2023,16.984,Gris,Gasolina
Renault Logan 1.6 Authentique,$36.000.000,2017,36.000,Gris,Gasolina y gas
Renault Logan 1.6 Authentique / Life,$35.500.000,2018,80.100,Color not found,Gasolina
Renault Logan 1.6 Authentique / Life,$39.000.000,2020,70.000,Color not found,Gasolina
Renault Logan 1.6 Life,$44.000.000,2020,26.000,Color not found,Gasolina
Renault Logan 1.4 Entry Familier Fii,$31.500.000,2015,64.000,Color not found,Gasolina
Renault Logan 1.4 Entry Familier Fii,$25.000.000,2015,171.000,Gris,Gasolina
Renault Logan 1.6 Authentique / Life,$46.900.000,2023,29.784,Gris,Gasolina
Renault Logan 1.6 Dynamique,$37.000.000,2016,65.000,Gris,Gasolina
Renault Logan 1.6 Expression Fii,$28.000.000,2015,122.000,Color not found,Gasolina
Renault Logan 1.6 Dynamique,$25.000.000,2007,189.000,Color not found,Gasolina
Renault Logan 1.6 Privilege / Intens,$34.000.000,2016,102.000,Color not found,Gasolina
Renault Logan 1.6 Privilege / Intens,$38.000.000,2016,49.500,Color not found,Gasolina
Renault Logan 1.4 Dynamique,$21.800.000,2007,119.500,Verde,Gasolina
Renault Logan 1.6 Privilege / Intens,$45.000.000,2020,60.000,Gris,Gasolina
Renault Logan 1.6 Life Polar,$38.000.000,2019,53.000,Plateado,Gasolina
Renault Logan,$35.000.000,2016,78.066,Rojo,Gasolina
Renault Logan Logan 1.6l,$27.000.000,2008,28.500,Color not found,Gasolina
Renault Logan 1.4 Entry Familier,$20.500.000,2011,198.600,Color not found,Gasolina
Renault Logan 1.6 Expression / Life +,$43.900.000,2023,28.000,Gris,Gasolina
Renault Logan Life+ Smart,$40.500.000,2019,44.500,Color not found,Gasolina
Renault Logan 1.4 Entry Familier,$22.000.000,2011,145.000,Color not found,Gasolina
Renault Logan 1.6 Privilege / Intens,$36.500.000,2018,92.000,Color not found,Gasolina
Renault Logan 1.6 Expression Fii,$23.000.000,2012,230.000,Color not found,Gasolina
Renault Logan 1.6 Expression Fii,$25.500.000,2012,144.000,Color not found,Gasolina
Renault Logan 1.6 Expression / Life +,$36.000.000,2017,78.500,Gris,Gasolina
Renault Logan 1.6 Expression / Life +,$46.000.000,2021,40.000,Blanco,Gasolina
Renault Logan 1.6 Expression Fii,$28.500.000,2014,146.000,Plateado,Gasolina
Renault Logan 1.6 Expression Fii,$27.000.000,2013,156.886,Azul,Gasolina
Renault Logan autentique Eif 1.6 Authentique / Life,$38.000.000,2019,52.700,Rojo,Gasolina
Renault Logan 1.6 Dynamique,$35.000.000,2016,77.000,Gris,Gasolina
Renault Logan 1.6 Dynamique Fii,$25.500.000,2011,156.000,Gris,Gasolina
Renault Logan 1.6 Expression,$38.500.000,2019,36.000,Plateado,Gasolina
Renault Logan 1.6 Expression / Life +,$37.990.000,2020,57.000,Plateado,Gasolina
Renault Logan 1.6 Dynamique Fii,$27.000.000,2011,75.550,Gris,Gasolina
Renault Logan 1.6 Privilege / Intens,$48.000.000,2022,53.000,Gris,Gasolina
Renault Logan 1.6 Expression,$36.000.000,2017,141.000,Blanco,Gasolina
Renault Logan 1.6 Privilege / Intens,$36.000.000,2017,97.000,Plateado,Gasolina
Renault Logan 1.6 Dynamique Nd,$24.900.000,2011,123.000,Azul,Gasolina
Renault Logan 1.6 Privilege / Intens,$44.000.000,2018,90.800,Marrón,Gasolina
